Semantic category,S-CDI items,Lexicostatistics_Original Swadesh list,Lexicostatistics_Leipzig–Jakarta list,Assessment_CDI:WS SF A,Assessment_CDI:WS SF B,Assessment_Oxford SF CDI,Pedagogy_Fry Sight Words,Pedagogy_CPB Sight Words
Actions,blow,,1,,,,,
Actions,cry,,1,,,,,
Actions,dance,,,,,,,
Actions,eat,1,1,,,,,
Actions,fall,,1,,,1,,
Actions,help,,,,,,,
Actions,jump,,,,1,,,
Actions,push,,,,,,,
Actions,sing,,,,,,,
Actions,sit,1,,,1,,,
Actions,wait,,,,,,,
Animals,animal,,,,,,,
Animals,ant,,1,,,,,
Animals,bee,,,,,,,
Animals,cat,,,1,,,,
Animals,cow,,,,,,,
Animals,dog,1,1,1,,,,
Animals,elephant,,,,,1,,
Animals,horse,,,1,,,,
Animals,lion,,,,,1,,
Animals,monkey,,,,,,,
Animals,owl,,,,,,,
Animals,sheep,,,,,,,
Animals,tiger,,,,,,,
Animals,turtle,,,,,,,
Animals,wolf,,,,,,,
Body parts,chin,,,1,,,,
Body parts,eye,1,1,,,,,
Body parts,mouth,1,1,,,1,,
Body parts,nose,1,1,,1,1,,
Body parts,tongue,1,1,,1,,,
Body parts,tooth,1,1,,,,,
Clothing,bib,,,,,1,,
Clothing,button,,,,,,,
Clothing,dress,,,,,,,
Connectives,and,,,,,,1,1
Connectives,but,,,,,,1,1
Descriptives,black,1,1,,1,,,
Descriptives,blue,,,,,,,
Descriptives,cold,1,,1,,1,,
Descriptives,dirty,,,,1,1,,
Descriptives,green,1,,,,,,
Descriptives,heavy,,1,,,,,
Descriptives,hot,1,,1,,1,,
Descriptives,red,1,1,,,,,
Descriptives,white,1,,,,,,
Descriptives,yellow,1,,,,,,
Food & drink,banana,,,,,,,
Food & drink,candy,,,1,,,,
Food & drink,coffee,,,,,,,
Food & drink,milk,,,1,,1,,
Food & drink,yogurt,,,,,,,
Furniture & rooms,garage,,,,,,,
Furniture & rooms,TV,,,,,,,
Furniture & rooms,washing machine,,,,,,,
Games & routines,shh,,,,,,,
Games & routines,yes,,,,,1,,
Helping verbs,_try_,,,,,,,
Household,broom,,,1,,1,,
Household,glasses,,,,,1,,
Household,hammer,,,,,,,
Household,key,,,,1,1,,
Household,radio,,,,,,,
Household,spoon,,,,,,,
Household,telephone,,,,,,,
Household,toothbrush,,,,,,,
Locations,_in_,,1,,,1,1,1
Locations,_out_,,,,,,1,1
Locations,_under_,,,1,,,,
Outside & places,moon,1,,,,,,
Outside & places,school,,,1,,,,
People,child's own name,,,,,,,
People,daddy,,,,,,,
People,doctor,,,,,,,
People,mommy,,,1,1,1,,
People,police,,,,,,,
Pronouns,1SG (I),1,1,,,1,1,1
Pronouns,2SG (you),1,1,,,,1,1
Pronouns,2SG.POSS (your),,,,,,1,1
Pronouns,3SG (he/she/it),,1,,1,1,1,1
Pronouns,that,1,,,,,1,1
Pronouns,this,1,1,1,,,1,1
Quantifiers,_a lot_,,,,,,,
Quantifiers,_all_,1,,1,,,1,1
Quantifiers,_many_,1,,,,,1,
Quantifiers,_not_,1,1,,,1,1,1
Question words,how,,,,,,1,1
Question words,what,1,1,,,1,1,1
Question words,when,,,,,,1,1
Question words,where,,,1,,1,,
Question words,who,1,1,,,,1,1
Question words,why,,,,1,1,,
Sounds,baa baa,,,1,1,,,
Sounds,cockadoodledoo,,,,,1,,
Sounds,meow,,,1,,,,
Sounds,quack quack,,,,,,,
Sounds,vroom,,,,,,,
Sounds,woof woof,,,1,,,,
Time words,now,,,,,1,1,1
Time words,today,,,,1,1,,
Time words,tomorrow,,,,1,1,,
Time words,yesterday,,1,,,,,
Toys,_glue_,,,,,,,
Toys,_toy_,,,,,,,
Vehicles,airplane,,,1,,1,,
Vehicles,bicycle,,,,,,,
Vehicles,helicopter,,,,,,,
Vehicles,truck,,,,1,,,